{"cameraMode":{"drawMode":0,"name":"Shaded","section":"Shading Mode"},"sceneLighting":true,"audioPlay":false,"sceneViewState":{"m_AlwaysRefresh":false,"showFog":true,"showSkybox":true,"showFlares":true,"showImageEffects":true,"showParticleSystems":true,"showVisualEffectGraphs":true,"m_FxEnabled":true},"in2DMode":false,"pivot":{"x":26.856937408447267,"y":14.468721389770508,"z":24.150794982910158},"rotation":{"x":0.1439596712589264,"y":-0.7528038024902344,"z":0.1753891408443451,"w":0.6179019808769226},"size":14.429241180419922,"orthographic":true}